序号,公告日期,证券,标题,
1,2014-12-13,东风汽车(600006.SH),东风汽车关于湖北证监局对公司采取出具警示函措施的公告,
2,2014-12-06,东风汽车(600006.SH),东风汽车2014年11月份主营产品产销数据快报,
3,2014-12-04,东风汽车(600006.SH),东风汽车独立董事辞职公告,
4,2014-12-03,东风汽车(600006.SH),东风汽车独立董事关于公司关联交易的事前认可意见,
5,2014-12-03,东风汽车(600006.SH),东风汽车拟转让部分资产项目资产评估报告,
6,2014-12-03,东风汽车(600006.SH),东风汽车关于向东风小康出售资产的关联交易公告,
7,2014-12-03,东风汽车(600006.SH),东风汽车第四届董事会第七次会议决议公告,
8,2014-12-03,东风汽车(600006.SH),东风汽车独立董事关于公司关联交易事项的独立意见,
9,2014-11-11,东风汽车(600006.SH),东风汽车2014年第二次临时股东大会的法律意见书,
10,2014-11-11,东风汽车(600006.SH),东风汽车2014年第二次临时股东大会会议决议公告,
11,2014-11-07,东风汽车(600006.SH),东风汽车2014年10月份主营产品产销数据快报,
12,2014-11-01,东风汽车(600006.SH),东风汽车2014年第二次临时股东大会资料,
13,2014-10-25,东风汽车(600006.SH),东风汽车关于修改《公司章程》的公告,
14,2014-10-25,东风汽车(600006.SH),东风汽车第四届董事会第六次会议决议公告,
15,2014-10-25,东风汽车(600006.SH),东风汽车第四届监事会第五次会议决议公告,
16,2014-10-25,东风汽车(600006.SH),东风汽车会计政策及会计估计变更公告,
17,2014-10-25,东风汽车(600006.SH),东风汽车公司章程(2014修订),
18,2014-10-25,东风汽车(600006.SH),东风汽车2014年第三季度季报,
19,2014-10-25,东风汽车(600006.SH),东风汽车关于召开2014年第二次临时股东大会的通知,
20,2014-10-15,东风汽车(600006.SH),东风汽车关于获得政府补助的公告,
21,2014-10-11,东风汽车(600006.SH),东风汽车2014年9月份主营产品产销数据快报,
22,2014-09-23,东风汽车(600006.SH),东风汽车2014年第一次临时股东大会的法律意见书,
23,2014-09-23,东风汽车(600006.SH),东风汽车2014年第一次临时股东大会会议决议公告,
24,2014-09-13,东风汽车(600006.SH),东风汽车2014年第一次临时股东大会资料,
25,2014-09-04,东风汽车(600006.SH),东风汽车2014年8月份主营产品产销数据快报,
26,2014-08-29,东风汽车(600006.SH),东风汽车2014年半年报,
27,2014-08-29,东风汽车(600006.SH),东风汽车第四届董事会第五次会议决议公告,
28,2014-08-29,东风汽车(600006.SH),东风汽车2014年半年报摘要,
29,2014-08-29,东风汽车(600006.SH),东风汽车关于召开2014年第一次临时股东大会的通知,
30,2014-08-29,东风汽车(600006.SH),东风汽车独立董事关于更换公司部分董事的独立意见,
31,2014-08-22,东风汽车(600006.SH),东风汽车澄清公告,
32,2014-08-21,东风汽车(600006.SH),东风汽车股票交易异常波动公告(2014-8-21),
33,2014-08-19,东风汽车(600006.SH),东风汽车关于常州东风项目的提示性公告,
34,2014-08-19,东风汽车(600006.SH),东风汽车关于控股子公司签订纯电动客车销售合同的补充公告,
35,2014-08-19,东风汽车(600006.SH),东风汽车股票交易异常波动公告(2014-8-19),
36,2014-08-16,东风汽车(600006.SH),东风汽车关于控股子公司签订纯电动客车销售合同的公告,
37,2014-08-15,东风汽车(600006.SH),东风汽车关于控股子公司收到政府补贴的公告,
38,2014-08-14,东风汽车(600006.SH),东风汽车2014年7月份主营产品产销数据快报,
39,2014-07-09,东风汽车(600006.SH),东风汽车2014年6月份主营产品产销数据快报,
40,2014-06-14,东风汽车(600006.SH),东风汽车2013年度利润分配实施公告,
41,2014-06-06,东风汽车(600006.SH),东风汽车2014年5月份主营产品产销数据快报,
42,2014-05-15,东风汽车(600006.SH),东风汽车关于媒体相关报道的公告,
43,2014-05-08,东风汽车(600006.SH),东风汽车2014年4月份主营产品产销数据快报,
44,2014-04-30,东风汽车(600006.SH),东风汽车2013年年度报告更正公告,
45,2014-04-30,东风汽车(600006.SH),东风汽车2013年年报(修订版),
46,2014-04-30,东风汽车(600006.SH),东风汽车2013年年报摘要(修订版),
47,2014-04-29,东风汽车(600006.SH),东风汽车第四届董事会第四次会议决议公告,
48,2014-04-29,东风汽车(600006.SH),东风汽车2014年第一季度季报,
49,2014-04-24,东风汽车(600006.SH),东风汽车2013年度股东大会的法律意见书,
50,2014-04-24,东风汽车(600006.SH),东风汽车2013年度股东大会会议决议公告,
51,2014-04-15,东风汽车(600006.SH),东风汽车2013年年度股东大会会议资料,
52,2014-04-04,东风汽车(600006.SH),东风汽车2014年3月份主营产品产销数据快报,
53,2014-04-02,东风汽车(600006.SH),东风汽车内部控制审计报告,
54,2014-03-28,东风汽车(600006.SH),东风汽车董事会审计委员会2013年履职情况报告,
55,2014-03-28,东风汽车(600006.SH),东风汽车独立董事关于公司有关事项的独立意见,
56,2014-03-28,东风汽车(600006.SH),东风汽车审计报告及财务报表,
57,2014-03-28,东风汽车(600006.SH),东风汽车独立董事2013年度述职报告,
58,2014-03-28,东风汽车(600006.SH),东风汽车:关于对东风汽车股份有限公司控股股东及其他关联方占用资金情况的专项审计说明,
59,2014-03-28,东风汽车(600006.SH),东风汽车第四届监事会第二次会议决议公告,
60,2014-03-28,东风汽车(600006.SH),东风汽车第四届董事会第三次会议决议公告,
61,2014-03-28,东风汽车(600006.SH),东风汽车2013年年报,
62,2014-03-28,东风汽车(600006.SH),东风汽车关于在东风汽车财务有限公司存款的关联交易公告,
63,2014-03-28,东风汽车(600006.SH),东风汽车关于东风商标使用许可的关联交易公告,
64,2014-03-28,东风汽车(600006.SH),东风汽车关于2014年度日常购销的关联交易公告,
65,2014-03-28,东风汽车(600006.SH),东风汽车2013年年报摘要,
66,2014-03-28,东风汽车(600006.SH),东风汽车关于召开2013年年度股东大会的通知,
67,2014-03-28,东风汽车(600006.SH),东风汽车关于汽车回购担保的公告,
68,2014-03-28,东风汽车(600006.SH),东风汽车2013年度内部控制评价报告,
69,2014-03-28,东风汽车(600006.SH),东风汽车2013年履行社会责任的报告,
70,2014-03-18,东风汽车(600006.SH),东风汽车关于控股股东一致行动人增持公司股份的公告,
71,2014-03-05,东风汽车(600006.SH),东风汽车2014年2月份主营产品产销数据快报,
72,2014-02-14,东风汽车(600006.SH),东风汽车2014年1月份主营产品产销数据快报,
73,2014-01-07,东风汽车(600006.SH),东风汽车2013年12月份主营产品产销数据快报,
74,2013-12-27,东风汽车(600006.SH),东风汽车第四届董事会第二次会议决议公告,
75,2013-12-24,东风汽车(600006.SH),东风汽车关于控股子公司郑州日产汽车有限公司出售资产的关联交易后续公告,
76,2013-12-19,"东风汽车(600006.SH),12东风MTN1(1282553.IB)",东风汽车2012年度第一期中期票据2013年付息公告,
77,2013-12-17,东风汽车(600006.SH),东风汽车第四届监事会第一次会议决议公告,
78,2013-12-17,东风汽车(600006.SH),东风汽车第四届董事会第一次会议决议公告,
79,2013-12-17,东风汽车(600006.SH),东风汽车独立董事意见,
80,2013-12-13,东风汽车(600006.SH),东风汽车关于控股子公司收到政府补贴的公告,
81,2013-12-10,东风汽车(600006.SH),东风汽车2013年第一次临时股东大会的法律意见书,
82,2013-12-10,东风汽车(600006.SH),东风汽车关于修改《公司章程》及其附件的公告,
83,2013-12-10,东风汽车(600006.SH),东风汽车公司章程(2013修订),
84,2013-12-10,东风汽车(600006.SH),东风汽车股东大会议事规则,
85,2013-12-10,东风汽车(600006.SH),东风汽车董事会议事规则,
86,2013-12-10,东风汽车(600006.SH),东风汽车2013年第一次临时股东大会会议决议公告,
87,2013-12-05,东风汽车(600006.SH),东风汽车2013年11月份主营产品产销数据快报,
88,2013-11-30,东风汽车(600006.SH),东风汽车2013年第一次临时股东大会资料,
89,2013-11-30,东风汽车(600006.SH),东风汽车关于控股子公司收到政府补贴的公告,
90,2013-11-23,东风汽车(600006.SH),东风汽车:郑州日产汽车有限公司拟转让部分资产项目资产评估报告书,
91,2013-11-23,东风汽车(600006.SH),东风汽车拟出售部分资产价值评估报告书,
92,2013-11-23,东风汽车(600006.SH),东风汽车第三届董事会第三十八次会议决议公告,
93,2013-11-23,东风汽车(600006.SH),东风汽车:土地估价报告,
94,2013-11-23,东风汽车(600006.SH),东风汽车独立董事关于重大关联交易的事前认可意见,
95,2013-11-23,东风汽车(600006.SH),东风汽车独立董事关于公司有关事项的独立意见,
96,2013-11-23,东风汽车(600006.SH),东风汽车独立董事候选人声明(张志宏),
97,2013-11-23,东风汽车(600006.SH),东风汽车关于修改《公司章程》及其附件的公告,
98,2013-11-23,东风汽车(600006.SH),东风汽车关于控股子公司郑州日产汽车有限公司出售资产的关联交易公告,
99,2013-11-23,东风汽车(600006.SH),东风汽车关于F91G项目的关联交易公告,
100,2013-11-23,东风汽车(600006.SH),东风汽车第三届监事会第二十七次会议决议公告,
101,2013-11-23,东风汽车(600006.SH),东风汽车独立董事提名人声明,
102,2013-11-23,东风汽车(600006.SH),东风汽车关于召开2013年第一次临时股东大会的通知,
103,2013-11-23,东风汽车(600006.SH),东风汽车独立董事候选人声明(贾小梁),
104,2013-11-23,东风汽车(600006.SH),东风汽车独立董事候选人声明(侯世国),
105,2013-11-22,东风汽车(600006.SH),关于对东风汽车股份有限公司和财务负责人危雯、董事会秘书张新峰予以通报批评的决定,
106,2013-11-12,东风汽车(600006.SH),东风汽车审计报告,
107,2013-11-12,东风汽车(600006.SH),东风汽车关于政府补贴被收回的后续公告,
108,2013-11-06,东风汽车(600006.SH),东风汽车2013年10月份主营产品产销数据快报,
109,2013-11-02,东风汽车(600006.SH),东风汽车关于政府补贴被收回的公告,
110,2013-10-29,东风汽车(600006.SH),东风汽车2013年第三季度季报,
111,2013-10-12,东风汽车(600006.SH),东风汽车关于收到政府补贴的公告,
112,2013-10-09,东风汽车(600006.SH),东风汽车2013年9月份主营产品产销数据快报,
113,2013-09-10,东风汽车(600006.SH),东风汽车2013年8月份主营产品产销数据快报,
114,2013-08-31,东风汽车(600006.SH),东风汽车2013年半年报,
115,2013-08-31,东风汽车(600006.SH),东风汽车2013年半年报摘要,
116,2013-08-10,东风汽车(600006.SH),东风汽车2013年7月份主营产品产销数据快报,
117,2013-08-10,东风汽车(600006.SH),东风汽车关于控股子公司收到政府补贴的后续公告(2013-8-10),
118,2013-07-09,东风汽车(600006.SH),东风汽车2013年6月份主营产品产销数据快报,
119,2013-06-27,东风汽车(600006.SH),东风汽车关于控股子公司收到政府补贴的后续公告(2013-6-27),
120,2013-06-14,东风汽车(600006.SH),东风汽车独立董事关于聘任公司副总经理的独立意见,
121,2013-06-14,东风汽车(600006.SH),东风汽车第三届董事会第三十五次会议决议公告,
122,2013-06-06,东风汽车(600006.SH),东风汽车2012年度利润分配实施公告,
123,2013-06-06,东风汽车(600006.SH),东风汽车关于控股子公司收到政府补贴的公告,
124,2013-06-06,东风汽车(600006.SH),东风汽车2013年5月份主营产品产销数据快报,
125,2013-05-28,东风汽车(600006.SH),东风汽车2012年年报(修订版),
126,2013-05-28,东风汽车(600006.SH),东风汽车2012年年报摘要(修订版),
127,2013-05-18,东风汽车(600006.SH),东风汽车第三届董事会第三十四次会议决议公告,
128,2013-05-15,东风汽车(600006.SH),东风汽车股票交易异常波动公告(2013-5-15),
129,2013-05-11,东风汽车(600006.SH),东风汽车2013年4月份主营产品产销数据快报,
130,2013-04-27,东风汽车(600006.SH),东风汽车2013年第一季度季报,
131,2013-04-24,东风汽车(600006.SH),东风汽车2012年度股东大会的法律意见书,
132,2013-04-24,东风汽车(600006.SH),东风汽车2012年年度股东大会会议决议公告,
133,2013-04-16,东风汽车(600006.SH),东风汽车2012年度股东大会会议资料,
134,2013-04-16,东风汽车(600006.SH),东风汽车2013年3月份主营产品产销数据快报,
135,2013-04-03,"东风汽车(600006.SH),12东风MTN1(1282553.IB)",东风汽车：关于收到政府补贴的公告,
136,2013-03-27,"东风汽车(600006.SH),12东风MTN1(1282553.IB)",东风汽车：2012年年度报告(修订版),
137,2013-03-27,"东风汽车(600006.SH),12东风MTN1(1282553.IB)",东风汽车：2012年年度报告更正公告,
138,2013-03-26,"东风汽车(600006.SH),12东风MTN1(1282553.IB)",东风汽车：关于2013年度日常关联交易的公告,
139,2013-03-26,"东风汽车(600006.SH),12东风MTN1(1282553.IB)",东风汽车：2012年年度报告摘要,
140,2013-03-26,"东风汽车(600006.SH),12东风MTN1(1282553.IB)",东风汽车：2012年年度报告,
141,2013-03-26,"东风汽车(600006.SH),12东风MTN1(1282553.IB)",东风汽车：东风资产管理有限公司拟转让常州东风汽车有限公司股权项目资产评估报告书,
142,2013-03-26,"东风汽车(600006.SH),12东风MTN1(1282553.IB)",东风汽车：独立董事关于公司有关事项的独立意见,
143,2013-03-26,"东风汽车(600006.SH),12东风MTN1(1282553.IB)",东风汽车：2012年度内部控制自我评价报告,
144,2013-03-26,"东风汽车(600006.SH),12东风MTN1(1282553.IB)",东风汽车：2012年年度审计报告,
145,2013-03-26,"东风汽车(600006.SH),12东风MTN1(1282553.IB)",东风汽车：独立董事2012年度述职报告,
146,2013-03-26,"东风汽车(600006.SH),12东风MTN1(1282553.IB)",东风汽车：关于召开2012年年度股东大会的通知,
147,2013-03-26,"东风汽车(600006.SH),12东风MTN1(1282553.IB)",东风汽车：关于公司2012年度财务报告中会计差错更正追溯调整事项的专项说明,
148,2013-03-26,"东风汽车(600006.SH),12东风MTN1(1282553.IB)",东风汽车：2012年度履行社会责任的报告,
149,2013-03-26,"东风汽车(600006.SH),12东风MTN1(1282553.IB)",东风汽车：第三届董事会第三十二次会议决议公告,
150,2013-03-26,"东风汽车(600006.SH),12东风MTN1(1282553.IB)",东风汽车：关于收购常州东风汽车有限公司股权的公告,
151,2013-03-26,"东风汽车(600006.SH),12东风MTN1(1282553.IB)",东风汽车：关联方资金往来审核报告,
152,2013-03-26,"东风汽车(600006.SH),12东风MTN1(1282553.IB)",东风汽车：关于东风商标使用许可的关联交易公告,
153,2013-03-26,"东风汽车(600006.SH),12东风MTN1(1282553.IB)",东风汽车：内部控制审计报告,
154,2013-03-26,"东风汽车(600006.SH),12东风MTN1(1282553.IB)",东风汽车：关于控股子公司郑州日产延续受托生产“奇骏”、“逍客”等产品的关联交易公告,
155,2013-03-26,"东风汽车(600006.SH),12东风MTN1(1282553.IB)",东风汽车：关于对前期会计差错更正及追溯调整的公告,
156,2013-03-26,"东风汽车(600006.SH),12东风MTN1(1282553.IB)",东风汽车：第三届监事会第二十三次会议决议公告,
157,2013-03-26,"东风汽车(600006.SH),12东风MTN1(1282553.IB)",东风汽车：关于汽车回购担保的公告,
158,2013-03-07,"东风汽车(600006.SH),12东风MTN1(1282553.IB)",东风汽车：2013年2月份主营产品产销数据快报,
159,2013-02-27,"东风汽车(600006.SH),12东风MTN1(1282553.IB)",东风汽车：关于控股子公司收到政府补贴的公告,
160,2013-02-06,"东风汽车(600006.SH),12东风MTN1(1282553.IB)",东风汽车：2013年1月份主营产品产销数据快报,
161,2013-01-31,"东风汽车(600006.SH),12东风MTN1(1282553.IB)",东风汽车：2012年度业绩预告修正公告,
162,2013-01-25,"东风汽车(600006.SH),12东风MTN1(1282553.IB)",东风汽车：关于控股子公司收到政府补贴的提示性公告,
163,2013-01-15,"东风汽车(600006.SH),12东风MTN1(1282553.IB)",东风汽车：2012年12月份主营产品产销数据快报,
164,2012-12-27,"东风汽车(600006.SH),12东风MTN1(1282553.IB)",东风汽车：关于完成发行2012年度第一期中期票据的公告,
165,2012-12-26,东风汽车(600006.SH),东风汽车：关于200台纯电动环卫车销售合同的公告,
166,2012-12-20,东风汽车(600006.SH),东风汽车：澄清公告,
167,2012-12-18,东风汽车(600006.SH),东风汽车：关于中期票据注册申请获准的公告,
168,2012-12-13,东风汽车(600006.SH),东风汽车：2012年11月份主营产品产销数据快报,
169,2012-12-08,东风汽车(600006.SH),东风汽车：关于收到政府补贴的提示性公告,
170,2012-11-29,东风汽车(600006.SH),东风汽车：第三届董事会第三十一次会议决议公告,
171,2012-11-13,东风汽车(600006.SH),东风汽车：2012年10月份主营产品产销数据快报,
172,2012-10-31,东风汽车(600006.SH),东风汽车：向东风模具冲压技术有限公司采购冲压模具、检具的关联交易公告,
173,2012-10-31,东风汽车(600006.SH),东风汽车：信息披露事务管理制度（2012年10月）,
174,2012-10-31,东风汽车(600006.SH),东风汽车：第三届董事会第三十次会议决议公告,
175,2012-10-31,东风汽车(600006.SH),东风汽车：2012年第三季度报告,
176,2012-10-16,东风汽车(600006.SH),东风汽车：2012年9月份主营产品产销数据快报,
177,2012-10-10,东风汽车(600006.SH),东风汽车：公司章程（2012年10月）,
178,2012-09-20,东风汽车(600006.SH),东风汽车：2012年第一次临时股东大会决议公告,
179,2012-09-20,东风汽车(600006.SH),东风汽车：2012年第一次临时股东大会的法律意见书,
180,2012-09-11,东风汽车(600006.SH),东风汽车：2012年8月份主营产品产销数据快报,
181,2012-09-11,东风汽车(600006.SH),东风汽车：2012年第一次临时股东大会会议资料,
182,2012-09-01,东风汽车(600006.SH),东风汽车：关于召开2012年第一次临时股东大会的通知,
183,2012-09-01,东风汽车(600006.SH),东风汽车：第三届董事会第二十九次会议决议公告,
184,2012-09-01,东风汽车(600006.SH),东风汽车：2012年--2014年股东回报规划,
185,2012-08-22,东风汽车(600006.SH),东风汽车：2012年半年度报告摘要,
186,2012-08-22,东风汽车(600006.SH),东风汽车：2012年半年度报告,
187,2012-08-15,东风汽车(600006.SH),东风汽车：2012年7月份主营产品产销数据快报,
188,2012-07-12,东风汽车(600006.SH),东风汽车：2012年度中期业绩预减公告,
189,2012-07-05,东风汽车(600006.SH),东风汽车：2012年6月份主营产品产销数据快报,
190,2012-06-12,东风汽车(600006.SH),东风汽车：2011年度利润分配实施公告,
191,2012-06-07,东风汽车(600006.SH),东风汽车：2012年5月份主营产品产销数据快报,
192,2012-05-08,东风汽车(600006.SH),东风汽车：2012年4月份主营产品产销数据快报,
193,2012-04-26,东风汽车(600006.SH),东风汽车：2011年年度股东大会的法律意见书,
194,2012-04-26,东风汽车(600006.SH),东风汽车：2011年年度股东大会会议决议公告,
195,2012-04-24,东风汽车(600006.SH),东风汽车：2012年第一季度报告,
196,2012-04-17,东风汽车(600006.SH),东风汽车：2011年年度报告(修订版),
197,2012-04-17,东风汽车(600006.SH),东风汽车：2011年年报更正公告,
198,2012-04-14,东风汽车(600006.SH),东风汽车：2011年度股东大会会议资料,
199,2012-04-10,东风汽车(600006.SH),东风汽车：2012年3月份主营产品产销数据快报,
200,2012-03-27,东风汽车(600006.SH),东风汽车：独立董事述职报告,
201,2012-03-27,东风汽车(600006.SH),东风汽车：2011年度内部控制自我评价报告,
202,2012-03-27,东风汽车(600006.SH),东风汽车：与东风汽车公司的关联交易公告,
203,2012-03-27,东风汽车(600006.SH),东风汽车：第三届监事会第十九次会议决议公告,
204,2012-03-27,东风汽车(600006.SH),东风汽车：2011年年度报告摘要,
205,2012-03-27,东风汽车(600006.SH),东风汽车：2011年年度报告,
206,2012-03-27,东风汽车(600006.SH),东风汽车：关于召开2011年年度股东大会的通知,
207,2012-03-27,东风汽车(600006.SH),东风汽车：第三届董事会第二十六次会议决议公告,
208,2012-03-27,东风汽车(600006.SH),东风汽车：关于对公司关联方资金往来审核报告,
209,2012-03-27,东风汽车(600006.SH),东风汽车：内部控制规范实施工作方案,
210,2012-03-27,东风汽车(600006.SH),东风汽车：2011年度履行社会责任的报告,
211,2012-03-27,东风汽车(600006.SH),东风汽车：与东风设计研究院及其分、子公司的关联交易公告,
212,2012-03-27,东风汽车(600006.SH),东风汽车：关于汽车回购担保的公告,
213,2012-03-27,东风汽车(600006.SH),东风汽车：2012年度日常经营性关联交易公告,
214,2012-03-10,东风汽车(600006.SH),东风汽车：2012年2月份主营产品产销数据快报,
215,2012-02-15,东风汽车(600006.SH),东风汽车：第三届董事会第二十五次会议决议公告,
216,2012-02-14,东风汽车(600006.SH),东风汽车：2012年1月份主营产品产销数据快报,
217,2012-01-12,东风汽车(600006.SH),东风汽车：第三届董事会第二十四次会议决议公告,
218,2012-01-10,东风汽车(600006.SH),东风汽车：2011年12月份主营产品产销数据快报,
219,2011-12-07,东风汽车(600006.SH),东风汽车：2011年11月份主营产品产销数据快报,
220,2011-11-17,东风汽车(600006.SH),东风汽车：关于拟与绵阳新晨动力机械有限公司共同投资成立动力总成及零部件公司的提示性公告,
221,2011-11-08,东风汽车(600006.SH),东风汽车：2011年10月份主营产品产销数据快报,
222,2011-11-03,东风汽车(600006.SH),东风汽车：2011年第一次临时股东大会会议决议公告,
223,2011-11-03,东风汽车(600006.SH),东风汽车：2011年第一次临时股东大会的法律意见书,
224,2011-10-31,东风汽车(600006.SH),东风汽车：第三届董事会第二十三次会议决议公告,
225,2011-10-31,东风汽车(600006.SH),东风汽车：关于收购东风裕隆汽车销售有限公司股权的公告,
226,2011-10-31,东风汽车(600006.SH),东风汽车：2011年第三季度报告,
227,2011-10-25,东风汽车(600006.SH),东风汽车：2011年第一次临时股东大会会议资料,
228,2011-10-18,东风汽车(600006.SH),东风汽车：关于出售部分资产的关联交易公告,
229,2011-10-18,东风汽车(600006.SH),东风汽车：第三届董事会第二十二次会议决议公告,
230,2011-10-18,东风汽车(600006.SH),东风汽车：关于收购襄樊东风隆诚机械有限责任公司股权的关联交易公告,
231,2011-10-18,东风汽车(600006.SH),东风汽车：关于召开2011年第一次临时股东大会的通知,
232,2011-10-11,东风汽车(600006.SH),东风汽车：2011年9月份主营产品产销数据快报,
233,2011-09-07,东风汽车(600006.SH),东风汽车：2011年8月份主营产品产销数据快报,
234,2011-08-26,东风汽车(600006.SH),东风汽车：2011年半年度报告,
235,2011-08-26,东风汽车(600006.SH),东风汽车：2011年半年度报告摘要,
236,2011-08-26,东风汽车(600006.SH),东风汽车：第三届董事会第二十一次会议决议公告,
237,2011-08-09,东风汽车(600006.SH),东风汽车：2011年7月份主营产品产销数据快报,
238,2011-07-05,东风汽车(600006.SH),东风汽车：2011年6月份主营产品产销数据快报,
239,2011-06-15,东风汽车(600006.SH),东风汽车：2010年度利润分配实施公告,
240,2011-06-08,东风汽车(600006.SH),东风汽车：2011年5月份主营产品产销数据快报,
241,2011-05-05,东风汽车(600006.SH),东风汽车：2011年4月份主营产品产销数据快报,
242,2011-04-27,东风汽车(600006.SH),东风汽车：2010年年度股东大会会议决议公告,
243,2011-04-27,东风汽车(600006.SH),东风汽车：2010年年度股东大会的法律意见书,
244,2011-04-23,东风汽车(600006.SH),东风汽车：2011年第一季度报告,
245,2011-04-16,东风汽车(600006.SH),东风汽车：2010年度股东大会会议资料,
246,2011-04-08,东风汽车(600006.SH),东风汽车：2011年3月份主营产品产销数据快报,
247,2011-03-26,东风汽车(600006.SH),东风汽车：2011年度日常经营性关联交易公告,
248,2011-03-26,东风汽车(600006.SH),东风汽车：2010年年度报告,
249,2011-03-26,东风汽车(600006.SH),东风汽车：关于向东风汽车有限公司设备制造厂采购L缸体初加工自动线的关联交易公告,
250,2011-03-26,东风汽车(600006.SH),东风汽车：2010年年度报告摘要,
251,2011-03-26,东风汽车(600006.SH),东风汽车：关于汽车回购担保的公告,
252,2011-03-26,东风汽车(600006.SH),东风汽车：关联方资金往来审核报告,
253,2011-03-26,东风汽车(600006.SH),东风汽车：关于召开2010年年度股东大会的通知,
254,2011-03-26,东风汽车(600006.SH),东风汽车：第三届监事会第十五次会议决议公告,
255,2011-03-26,东风汽车(600006.SH),东风汽车：第三届董事会第十九次会议决议公告,
256,2011-03-26,东风汽车(600006.SH),东风汽车：2010年度履行社会责任的报告,
257,2011-03-26,东风汽车(600006.SH),东风汽车：2010年度内部控制自我评价报告,
258,2011-03-26,东风汽车(600006.SH),东风汽车：控股子公司常州东风汽车有限公司与东风模具冲压技术有限公司关于W03车型模具设计及采购的关联交易公告,
259,2011-03-05,东风汽车(600006.SH),东风汽车：2011年2月份主营产品产销数据快报,
260,2011-02-22,东风汽车(600006.SH),东风汽车：2011年1月份主营产品产销数据快报,
261,2011-01-19,东风汽车(600006.SH),东风汽车：2010年年度业绩预增公告,
262,2011-01-11,东风汽车(600006.SH),东风汽车：2010年12月份主营产品产销数据快报,
263,2010-12-28,东风汽车(600006.SH),东风汽车：关于对山东凯马汽车制造有限公司增资项目进展的公告,
264,2010-12-07,东风汽车(600006.SH),东风汽车：2010年11月份主营产品产销数据快报,
265,2010-11-16,东风汽车(600006.SH),东风汽车：2010年第二次临时股东大会会议决议公告,
266,2010-11-16,东风汽车(600006.SH),东风汽车：2010年第二次临时股东大会的法律意见书,
267,2010-11-12,东风汽车(600006.SH),东风汽车：2010年第二次临时股东大会会议资料,
268,2010-11-09,东风汽车(600006.SH),东风汽车：2010年10月份主营产品产销数据快报,
269,2010-10-23,东风汽车(600006.SH),东风汽车：关于会计估计变更的公告,
270,2010-10-23,东风汽车(600006.SH),东风汽车：2010年第三季度报告,
271,2010-10-23,东风汽车(600006.SH),东风汽车：关于调整公司2010年日常经营性关联交易预计的公告,
272,2010-10-23,东风汽车(600006.SH),东风汽车：第三届监事会第十四次会议决议公告,
273,2010-10-23,东风汽车(600006.SH),东风汽车：关于召开2010年第二次临时股东大会的通知,
274,2010-10-23,东风汽车(600006.SH),东风汽车：关于郑州日产汽车有限公司受托生产“奇骏”、“逍客”等产品的关联交易公告,
275,2010-10-23,东风汽车(600006.SH),东风汽车：第三届董事会第十八次会议决议公告,
276,2010-10-22,东风汽车(600006.SH),东风汽车：第三届董事会第十七次会议决议公告,
277,2010-10-11,东风汽车(600006.SH),东风汽车：2010年9月份主营产品产销数据快报,
278,2010-09-04,东风汽车(600006.SH),东风汽车：2010年8月份主营产品产销数据快报,
279,2010-08-20,东风汽车(600006.SH),东风汽车：第三届董事会第十六次会议决议公告,
280,2010-08-20,东风汽车(600006.SH),东风汽车：2010年半年度报告摘要,
281,2010-08-20,东风汽车(600006.SH),东风汽车：2010年半年度报告,
282,2010-08-05,东风汽车(600006.SH),东风汽车：2010年7月份主营产品产销数据快报,
283,2010-07-08,东风汽车(600006.SH),东风汽车：2010年半年度业绩预增公告,
284,2010-07-06,东风汽车(600006.SH),东风汽车：2010年6月份主营产品产销数据快报,
285,2010-06-10,东风汽车(600006.SH),东风汽车：2009年度利润分配实施公告,
286,2010-06-05,东风汽车(600006.SH),东风汽车：关于办公地址门牌号变更公告,
287,2010-06-05,东风汽车(600006.SH),东风汽车：2010年5月份主营产品产销数据快报,
288,2010-05-15,东风汽车(600006.SH),东风汽车：关于更换职工监事的公告,
289,2010-05-12,东风汽车(600006.SH),东风汽车：2010年第一次临时股东大会决议公告,
290,2010-05-12,东风汽车(600006.SH),东风汽车：2010年第一次临时股东大会的法律意见书,
291,2010-05-08,东风汽车(600006.SH),东风汽车：2010年4月份主营产品产销数据快报,
292,2010-04-30,东风汽车(600006.SH),东风汽车：2009年年度股东大会会议决议公告,
293,2010-04-30,东风汽车(600006.SH),东风汽车：通商律师事务所关于公司2009年度股东大会的法律意见书,
294,2010-04-24,东风汽车(600006.SH),东风汽车：第三届董事会第十五次会议决议公告,
295,2010-04-24,东风汽车(600006.SH),东风汽车：关联交易公告,
296,2010-04-24,东风汽车(600006.SH),东风汽车：关于召开2010年第一次临时股东大会的通知,
297,2010-04-24,东风汽车(600006.SH),东风汽车：2010年第一季度报告,
298,2010-04-15,东风汽车(600006.SH),东风汽车：2009年度股东大会会议资料（修改版）,
299,2010-04-14,东风汽车(600006.SH),东风汽车：2009年度股东大会会议资料,
300,2010-04-09,东风汽车(600006.SH),东风集团股份：月报表,
301,2010-04-07,东风汽车(600006.SH),东风汽车：2010年3月份主营产品产销数据快报,
302,2010-03-31,东风汽车(600006.SH),东风集团股份：董事会召开日期,
303,2010-03-27,东风汽车(600006.SH),东风汽车：年报信息披露重大差错责任追究制度（2010年3月）,
304,2010-03-27,东风汽车(600006.SH),东风汽车：第三届监事会第十一次会议决议公告,
305,2010-03-27,东风汽车(600006.SH),东风汽车：第三届董事会第十四次会议决议公告,
306,2010-03-27,东风汽车(600006.SH),东风汽车：外部单位报送信息管理制度（2010年3月）,
307,2010-03-27,东风汽车(600006.SH),东风汽车：2009年年度报告摘要,
308,2010-03-27,东风汽车(600006.SH),东风汽车：关联方资金往来的审核报告,
309,2010-03-27,东风汽车(600006.SH),东风汽车：日常经营性关联交易公告,
310,2010-03-27,东风汽车(600006.SH),东风汽车：2009年年度报告,
311,2010-03-27,东风汽车(600006.SH),东风汽车：定期报告编制管理制度（2010年3月）,
312,2010-03-27,东风汽车(600006.SH),东风汽车：重大信息内部报告制度（2010年3月）,
313,2010-03-27,东风汽车(600006.SH),东风汽车：关于召开2009年度股东大会的通知,
314,2010-03-27,东风汽车(600006.SH),东风汽车：内幕信息知情人登记备案制度（2010年3月）,
315,2010-03-27,东风汽车(600006.SH),东风汽车：关于汽车回购担保的公告,
316,2010-03-09,东风汽车(600006.SH),东风汽车：2010年2月份主营产品产销数据快报,
317,2010-03-04,东风汽车(600006.SH),东风集团股份：月报表,
318,2010-02-11,东风汽车(600006.SH),东风汽车：2010年1月份主营产品产销数据快报,
319,2010-02-03,东风汽车(600006.SH),东风集团股份：月报表,
320,2010-01-08,东风汽车(600006.SH),东风汽车：关于控股子公司被认定为高新技术企业的公告,
321,2010-01-08,东风汽车(600006.SH),东风汽车：2009年12月份主营产品销售数据快报,
322,2010-01-08,东风汽车(600006.SH),东风汽车：第三届董事会第十三次会议决议公告,
323,2010-01-06,东风汽车(600006.SH),东风集团股份：月报表,
324,2009-12-04,东风汽车(600006.SH),东风汽车：2009年11月份主营产品销售数据快报,
325,2009-12-02,东风汽车(600006.SH),东风集团股份：月报表,
326,2009-11-11,东风汽车(600006.SH),东风汽车：2009年10月份主营产品销售数据快报,
327,2009-11-10,东风汽车(600006.SH),东风汽车：有限售条件的流通股上市公告,
328,2009-11-04,东风汽车(600006.SH),东风集团股份：合併資產負債表,
329,2009-11-03,东风汽车(600006.SH),东风集团股份：月报表,
330,2009-10-29,东风汽车(600006.SH),东风汽车：2009年第三季度报告,
331,2009-10-13,东风汽车(600006.SH),东风汽车：2009年9月份主营产品销售数据快报,
332,2009-10-06,东风汽车(600006.SH),东风集团股份：证券变动月报表,
333,2009-09-09,东风汽车(600006.SH),东风汽车：2009年8月份主营产品销售数据快报,
334,2009-09-09,东风汽车(600006.SH),东风汽车：2009年第二次临时股东大会会议决议公告,
335,2009-09-09,东风汽车(600006.SH),东风汽车：2009年第二次临时股东大会的法律意见书,
336,2009-09-03,东风汽车(600006.SH),东风汽车：2009年第二次临时股东大会会议资料,
337,2009-09-03,东风汽车(600006.SH),东风集团股份：证券变动月报表,
338,2009-08-26,东风汽车(600006.SH),东风集团股份：中期业绩公告,
339,2009-08-19,东风汽车(600006.SH),东风汽车：关于召开2009年第二次临时股东大会的通知,
340,2009-08-19,东风汽车(600006.SH),东风汽车：第三届董事会第十一次会议决议公告,
341,2009-08-19,东风汽车(600006.SH),东风汽车：2009年半年度报告摘要,
342,2009-08-19,东风汽车(600006.SH),东风汽车：2009年半年度报告,
343,2009-08-12,东风汽车(600006.SH),东风汽车：2009年7月份主营产品销售数据快报,
344,2009-08-12,东风汽车(600006.SH),东风集团股份：董事会日期,
345,2009-08-06,东风汽车(600006.SH),东风集团股份：证券变动月报表,
346,2009-07-15,东风汽车(600006.SH),东风集团股份：派发二零零八年度末期股息公告,
347,2009-07-08,东风汽车(600006.SH),东风汽车：2009年6月份主营产品销售数据快报,
348,2009-07-03,东风汽车(600006.SH),东风集团股份：截至2009年6月30日止之股份发行人的证券变动月报表,
349,2009-06-19,东风汽车(600006.SH),东风集团股份：股东周年大会表决票汇总结果,
350,2009-06-17,东风汽车(600006.SH),东风集团股份：发行短期融资券,
351,2009-06-16,东风汽车(600006.SH),东风汽车：2008年度分红派息实施公告,
352,2009-06-12,东风汽车(600006.SH),东风汽车：2009年5月份主营产品销售数据快报,
353,2009-06-02,东风汽车(600006.SH),东风集团股份：股权变动月报表,
354,2009-05-28,东风汽车(600006.SH),东风集团股份：关连交易,
355,2009-05-19,东风汽车(600006.SH),东风汽车：2009年第一次临时股东大会会议决议公告,
356,2009-05-19,东风汽车(600006.SH),东风汽车：2009年第一次临时股东大会的法律意见书,
357,2009-05-19,东风汽车(600006.SH),东风汽车：2008年度股东大会的法律意见书,
358,2009-05-19,东风汽车(600006.SH),东风汽车：2008年年度股东大会会议决议公告,
359,2009-05-12,东风汽车(600006.SH),东风汽车：2009年4月份主营产品销售数据快报,
360,2009-05-09,东风汽车(600006.SH),东风汽车：2008年度股东大会会议资料,
361,2009-05-09,东风汽车(600006.SH),东风汽车：2009年第一次临时股东大会会议资料,
362,2009-05-08,东风汽车(600006.SH),东风集团股份：证券变动月报表,
363,2009-05-06,东风汽车(600006.SH),东风汽车：关于召开2009年第一季度网上业绩说明会的公告,
364,2009-04-30,东风汽车(600006.SH),东风集团股份：股东周年大会回条,
365,2009-04-30,东风汽车(600006.SH),东风集团股份：二零零八年度股东周年大会通告,
366,2009-04-24,东风汽车(600006.SH),东风汽车：第三届董事会第十次会议决议公告暨召开2009年第一次临时股东大会的通知,
367,2009-04-24,东风汽车(600006.SH),东风汽车：2009年第一季度报告,
368,2009-04-15,东风汽车(600006.SH),东风集团股份：2008年年度业绩公告,
369,2009-04-15,东风汽车(600006.SH),东风集团股份：二零零九年四月十四日举行临时股东大会之投票结果,
370,2009-04-14,东风汽车(600006.SH),东风汽车：2009年3月份主营产品销售数据快报,
371,2009-04-08,东风汽车(600006.SH),东风集团股份：截至二零零九年三月三十一日止之股份发行人的证券变动月报表,
372,2009-03-31,东风汽车(600006.SH),东风集团股份：董事会召开日期,
373,2009-03-27,东风汽车(600006.SH),东风汽车：2008年年度报告摘要,
374,2009-03-27,东风汽车(600006.SH),东风汽车：关于召开2008年度股东大会的通知,
375,2009-03-27,东风汽车(600006.SH),东风汽车：2008年年度报告,
376,2009-03-27,东风汽车(600006.SH),东风汽车：关联方资金往来的审核报告,
377,2009-03-27,东风汽车(600006.SH),东风汽车：第三届董事会第九次会议决议公告,
378,2009-03-27,东风汽车(600006.SH),东风汽车：第三届监事会第七次会议决议公告,
379,2009-03-07,东风汽车(600006.SH),东风汽车：2009年2月份主营产品销售数据快报,
380,2009-03-05,东风汽车(600006.SH),东风汽车：关于本公司及子公司被认定为高新技术企业的公告,
381,2009-03-04,东风汽车(600006.SH),东风集团股份：股份发行人的证券变动月报表,
382,2009-02-28,东风汽车(600006.SH),东风集团股份：临时股东大会通告,
383,2009-02-28,东风汽车(600006.SH),东风集团股份：临时股东大会回条,
384,2009-02-28,东风汽车(600006.SH),东风集团股份：通函,
385,2009-02-26,东风汽车(600006.SH),东风集团股份：持续关连交易,
386,2009-02-11,东风汽车(600006.SH),东风汽车：2009年1月份主营产品销售数据快报,
387,2009-01-14,东风汽车(600006.SH),东风汽车：2008年12月份主营产品销售数据快报,
388,2008-12-11,东风汽车(600006.SH),东风汽车：2008年11月份主营产品销售数据快报,
389,2008-11-18,东风汽车(600006.SH),东风汽车：2008年第一次临时股东大会会议决议公告,
390,2008-11-18,东风汽车(600006.SH),东风汽车：2008年第一次临时股东大会的法律意见书,
391,2008-11-06,东风汽车(600006.SH),东风汽车：2008年第一次临时股东大会会议资料,
392,2008-11-06,东风汽车(600006.SH),东风汽车：2008年10月份主营产品销售数据快报,
393,2008-10-30,东风汽车(600006.SH),东风汽车：2008年第三季度报告,
394,2008-10-30,东风汽车(600006.SH),东风汽车：关于召开2008年第一次临时股东大会的通知,
395,2008-10-30,东风汽车(600006.SH),东风汽车：第三届董事会第八次会议决议公告,
396,2008-08-29,东风汽车(600006.SH),东风汽车：2008年半年度报告摘要,
397,2008-08-29,东风汽车(600006.SH),东风汽车：2008年半年度报告,
398,2008-07-26,东风汽车(600006.SH),东风汽车：第三届董事会第六次会议决议公告,
399,2008-07-26,东风汽车(600006.SH),东风汽车：关于公司治理专项活动整改情况的说明,
400,2008-07-11,东风汽车(600006.SH),东风汽车：第三届董事会第六次会议决议公告,
401,2008-07-11,东风汽车(600006.SH),东风汽车：关于与东风汽车有限公司共同投资成立东风轻型发动机有限公司的关联交易公告,
402,2008-07-11,东风汽车(600006.SH),东风汽车：关于对郑州日产汽车有限公司增资的关联交易公告,
403,2008-06-17,东风汽车(600006.SH),东风汽车：2007年分红派息实施公告,
404,2008-05-27,东风汽车(600006.SH),东风汽车：2007年年度股东大会会议决议公告,
405,2008-05-27,东风汽车(600006.SH),东风汽车：2007年度股东大会的法律意见书,
406,2008-05-09,东风汽车(600006.SH),东风汽车：2007年度股东大会会议资料,
407,2008-04-26,东风汽车(600006.SH),东风汽车：2008年第一季度报告,
408,2008-03-29,东风汽车(600006.SH),东风汽车：2007年年度报告,
409,2008-03-29,东风汽车(600006.SH),东风汽车：2007年年度报告摘要,
410,2008-03-29,东风汽车(600006.SH),东风汽车：控股股东及其他关联方占用资金情况的专项说明,
411,2008-03-29,东风汽车(600006.SH),东风汽车：　第三届董事会第四次会议决议公告,
412,2008-03-29,东风汽车(600006.SH),东风汽车：独立董事年报工作制度,
413,2008-03-29,东风汽车(600006.SH),东风汽车：关于召开2007年度股东大会的通知,
414,2008-03-29,东风汽车(600006.SH),东风汽车：董事会审计委员会年度财务报告审议工作制度,
415,2008-03-29,东风汽车(600006.SH),东风汽车：第三届监事会第三次会议决议公告,
416,2008-03-29,东风汽车(600006.SH),东风汽车：2008年度日常重大经营性关联交易公告,
417,2007-12-29,东风汽车(600006.SH),东风汽车：关于公司治理专项活动的整改报告,
418,2007-12-29,东风汽车(600006.SH),东风汽车：第三届董事会第三次会议决议公告,
419,2007-11-28,东风汽车(600006.SH),东风汽车：2007年第三次临时股东大会决议公告,
420,2007-11-28,东风汽车(600006.SH),东风汽车：2007第三次临时股东大会的法律意见书,
421,2007-11-24,东风汽车(600006.SH),东风汽车：2007年第三次临时股东大会会议资料,
422,2007-10-27,东风汽车(600006.SH),东风汽车：关于2007年第三季度报告的补充公告,
423,2007-10-27,东风汽车(600006.SH),东风汽车：2007年第三季度报告（修订版）,
424,2007-10-26,东风汽车(600006.SH),东风汽车：关于召开2007年第三次临时股东大会的通知,
425,2007-10-26,东风汽车(600006.SH),东风汽车：第三届监事会第二次会议决议公告,
426,2007-10-26,东风汽车(600006.SH),东风汽车：第三届董事会第二次会议决议公告,
427,2007-10-26,东风汽车(600006.SH),东风汽车：关联交易公告,
428,2007-10-26,东风汽车(600006.SH),东风汽车：2007年第三季度报告,
429,2007-10-09,东风汽车(600006.SH),东风汽车：治理专项活动的自查报告和整改计划,
430,2007-09-28,东风汽车(600006.SH),东风汽车：董事会决议公告,
431,2007-09-28,东风汽车(600006.SH),东风汽车：2007第二次临时股东大会的法律意见书,
432,2007-09-28,东风汽车(600006.SH),东风汽车：第三届监事会第一次会议决议公告,
433,2007-09-28,东风汽车(600006.SH),东风汽车：2007年第二次临时股东大会决议公告,
434,2007-08-29,东风汽车(600006.SH),东风汽车：第二届董事会第三十一次会议决议公告,
435,2007-08-29,东风汽车(600006.SH),东风汽车：第二届监事会第二十二次会议决议公告,
436,2007-08-29,东风汽车(600006.SH),东风汽车：关于召开2007年第二次临时股东大会的通知,
437,2007-08-29,东风汽车(600006.SH),东风汽车：2007年半年度报告摘要,
438,2007-08-29,东风汽车(600006.SH),东风汽车：2007年半年度报告,
439,2007-07-13,东风汽车(600006.SH),东风汽车：关于2006年度利润分配实施公告,
440,2007-06-28,东风汽车(600006.SH),东风汽车：第二届董事会第三十次会议决议公告,
441,2007-06-28,东风汽车(600006.SH),东风汽车：信息披露事务管理制度（2007修订）,
442,2007-06-07,东风汽车(600006.SH),东风汽车：2007年第一次临时股东大会决议公告,
443,2007-06-07,东风汽车(600006.SH),东风汽车：关于设立“上市公司治理专项活动”互动平台的公告,
444,2007-06-07,东风汽车(600006.SH),东风汽车：2006年度股东大会的法律意见书,
445,2007-06-07,东风汽车(600006.SH),东风汽车：2007第一次临时股东大会的法律意见书,
446,2007-06-07,东风汽车(600006.SH),东风汽车：2006年年度股东大会决议公告,
447,2007-05-30,东风汽车(600006.SH),东风汽车：2006年度股东大会会议资料,
448,2007-04-28,东风汽车(600006.SH),东风汽车：第二届董事会第二十九次会议决议公告暨召开2007年第一次临时股东大会的通知,
449,2007-04-28,东风汽车(600006.SH),东风汽车：2007年第一季度报告,
450,2007-03-30,东风汽车(600006.SH),东风汽车：2006年年度报告,
451,2007-03-30,东风汽车(600006.SH),东风汽车：2006年年度报告摘要,
452,2007-03-30,东风汽车(600006.SH),东风汽车：控股股东及其他关联方占用资金情况的专项说明,
453,2007-03-30,东风汽车(600006.SH),东风汽车：2007年度日常关联交易预计公告,
454,2007-03-30,东风汽车(600006.SH),东风汽车：第二届监事会第二十次会议决议公告,
455,2007-03-30,东风汽车(600006.SH),东风汽车：关于召开2006年度股东大会的通知,
456,2007-03-30,东风汽车(600006.SH),东风汽车：第二届董事会第二十八次会议决议公告,
457,2006-11-08,东风汽车(600006.SH),S　东　汽：股权分置改革方案实施公告,
458,2006-11-01,东风汽车(600006.SH),S　东　汽：股权分置改革相关股东会议表决结果公告,
459,2006-11-01,东风汽车(600006.SH),S　东　汽：相关股东会议的法律意见书,
460,2006-10-24,东风汽车(600006.SH),S　东　汽：关于召开股权分置改革相关股东会议的第二次提示性公告,
461,2006-10-24,东风汽车(600006.SH),S　东　汽2006年第三季度报告,
462,2006-10-18,东风汽车(600006.SH),S　东　汽：关于召开股权分置改革相关股东会议的第一次提示性公告,
463,2006-10-13,东风汽车(600006.SH),S　东　汽：股权分置改革说明书（摘要）,
464,2006-10-13,东风汽车(600006.SH),S　东　汽：关于股权分置改革方案沟通协商结果暨调整股权分置改革方案的公告,
465,2006-10-13,东风汽车(600006.SH),S　东　汽：独立董事关于调整股权分置改革之独立意见,
466,2006-10-13,东风汽车(600006.SH),S　东　汽：股权分置改革之补充保荐意见书,
467,2006-10-13,东风汽车(600006.SH),S　东　汽：股权分置改革说明书（全文修订稿）,
468,2006-10-13,东风汽车(600006.SH),S　东　汽：股权分置的补充法律意见书,
469,2006-10-11,东风汽车(600006.SH),S　东　汽：关于举行股权分置改革投资者网上路演的公告,
470,2006-09-29,东风汽车(600006.SH),东风汽车：股权分置改革说明书（摘要）,
471,2006-09-29,东风汽车(600006.SH),东风汽车：关于召开股权分置改革相关股东会议的通知,
472,2006-09-29,东风汽车(600006.SH),东风汽车：独立董事关于公司股权分置改革方案的独立意见函,
473,2006-09-29,东风汽车(600006.SH),东风汽车：股权分置改革说明书(全文),
474,2006-09-29,东风汽车(600006.SH),东风汽车：股权分置改革之保荐意见,
475,2006-09-29,东风汽车(600006.SH),东风汽车：股权分置改革的法律意见书,
476,2006-09-29,东风汽车(600006.SH),东风汽车：董事会投票委托征集函,
477,2006-09-25,东风汽车(600006.SH),东风汽车：关于股权分置改革的提示性公告,
478,2006-08-29,东风汽车(600006.SH),东风汽车：第二届董事会第二十六次会议决议公告,
479,2006-08-29,东风汽车(600006.SH),东风汽车2006年度中期报告摘要,
480,2006-08-29,东风汽车(600006.SH),东风汽车2006年度中期报告,
481,2006-06-14,东风汽车(600006.SH),东风汽车：2005年度分红派息实施公告,
482,2006-05-30,东风汽车(600006.SH),东风汽车股东大会议事规则,
483,2006-05-30,东风汽车(600006.SH),东风汽车董事会议事规则,
484,2006-05-30,东风汽车(600006.SH),东风汽车公司章程（2006年5月）,
485,2006-05-30,东风汽车(600006.SH),东风汽车监事会议事规则,
486,2006-05-19,东风汽车(600006.SH),东风汽车：2005年年度股东大会会议决议公告,
487,2006-05-19,东风汽车(600006.SH),东风汽车：2005年年度股东大会的法律意见书,
488,2006-05-13,东风汽车(600006.SH),东风汽车2005年年度股东大会会议资料,
489,2006-04-28,东风汽车(600006.SH),东风汽车：关于2005年年度股东大会补充通知,
490,2006-04-20,东风汽车(600006.SH),东风汽车：第二届董事会第二十五次会议决议公告,
491,2006-04-20,东风汽车(600006.SH),东风汽车2006年第一季度报告,
492,2006-03-30,东风汽车(600006.SH),东风汽车：2005年年度报告更正公告,
493,2006-03-24,东风汽车(600006.SH),东风汽车：控股股东及其他关联方占用资金情况的专项说明,
494,2006-03-24,东风汽车(600006.SH),东风汽车：召开2005年年度股东大会的通知,
495,2006-03-24,东风汽车(600006.SH),东风汽车：第二届监事会第十六次会议决议公告,
496,2006-03-24,东风汽车(600006.SH),东风汽车：2006年度日常重大关联交易公告,
497,2006-03-24,东风汽车(600006.SH),东风汽车：第二届董事会第二十四次会议决议公告,
498,2006-03-24,东风汽车(600006.SH),东风汽车2005年年度报告摘要,
499,2006-03-24,东风汽车(600006.SH),东风汽车2005年年度报告,
500,2005-10-29,东风汽车(600006.SH),东风汽车2005年第三季度报告,
,,,,
,,,,
,,,,
,,,,
,,,,
数据来源：东方财富Choice数据,,,,